x1,x2,x3,y
-1.0,-0.6364437286379072,0.8566080845134219,7.162087642712129
-0.7142613558021724,0.5808732566611268,-0.3978078606511357,-2.5654054942230378
0.9060136982983675,-1.0,0.6520380144173763,-4.213609376391203
-1.0,0.9555473058456878,-0.16282210783991613,7.6700780013865435
1.0,0.35495503816035434,-1.0,11.111701059536136
1.0,-0.376215554083011,0.5711006962298433,5.289723173839623
0.03394809151463285,1.0,0.35751360376615327,6.902665653464104
-0.6233046767759396,0.2490341277209076,1.0,2.824451232282712
-0.934244971037236,0.9575514125153799,-1.0,12.379615348544938
-1.0,-1.0,0.4157920446527137,11.989949758283517
0.4625606564498721,-1.0,0.8539376351386783,-3.2280254704674753
-0.9532358325827539,1.0,1.0,16.286720850451374
-1.0,-0.7922793198340994,-0.7098393135222973,2.968034914460641
-0.5640709904699845,0.839950320604979,-0.36563416264041937,-0.13254685702891644
0.5735429260315499,0.5738674249295557,-0.1514648621396264,1.5698304163597667
-0.3838168926406742,0.7375893888773517,-1.0,-3.9089419293942353
0.8942412361921392,-0.8204632226994604,-0.9704633373258555,-9.564668890522508
-0.15526081675419157,0.32025344045483806,0.8139691204292192,0.5136307235046009
-1.0,0.09254817670915805,0.44467619124728275,-5.02185781390632
-0.9000772319960058,-1.0,1.0,12.890799491254652
0.9438257896363664,-0.9129068092197468,1.0,-5.04649547260493
0.9001820245633454,-0.05373987501296207,-0.13716404197786303,2.939184202273789
0.8272532242598634,-0.077464611203935,0.7132990328812363,3.820929625718629
-1.0,0.423562888657127,0.10121814744293567,-4.351141437069096
-1.0,0.4896264192438704,1.0,5.17495312215867
-1.0,-0.22591531193160552,1.0,4.948238573964356
0.9869722727520218,0.5993436400801786,-1.0,12.789125501417367
0.45804330747734956,0.4381665830621764,0.36985480255813985,-0.3035959694990322
-0.21973074697240924,-1.0,0.26455891998592174,3.069988347140563
0.48242900212929674,-0.22632529563846737,-0.7883001073110478,1.2875695522346264
-0.5596567091778961,1.0,-1.0,-0.26091063636991063
0.5958185585253257,-0.591875384876354,0.04013345671083601,0.7132422201874034
-0.34230810307180315,0.44056625303125685,-0.36919146068802866,-1.0165600510959854
0.7473566428917355,-0.3802484104463124,-1.0,-4.7663207538056405
1.0,-0.10035397936830126,-0.23288027051835503,4.05524799684511
0.17513158137385476,-0.05896031657488243,0.43317924427053756,1.4467578849312446
0.4587217300509181,-0.04491185023105171,1.0,-1.0187675318498024
-0.6338766947374277,-0.04437926671374259,0.15746769682952544,-0.5876032882034161
1.0,0.36318955367711037,-0.4572600955917894,5.294322235463021
0.14676419967223397,-0.39560307629044567,-0.10677748141158006,1.0803269858880409
0.3651286221533099,-1.0,0.8389751199496582,-3.292418441281991
0.8821415742033327,-0.8424998984932897,-0.8790684929005799,-6.258715940591787
0.518089111366983,0.10593793145011188,0.9276349982385974,1.1136234251228876
1.0,0.44960851011059155,0.6594963359937991,11.212784474060383
-1.0,-0.5837474433971217,1.0,10.254671911835851
-1.0,-0.216328118408595,-0.014521937208127778,-2.852076723068498
-0.3712303243309907,-0.6951172153324741,0.09456202071167152,1.6458680265291554
0.3403202701665107,0.33989334086444156,1.0,1.6489314436628428
-0.6684261644717118,0.11943628255176231,1.0,1.8409958622748028
0.41317734480682433,0.9890020802255421,0.07135917131872382,6.947608520200417
-1.0,-0.8186914956619156,0.5610293473585402,7.867719683365918
1.0,0.2222635177116934,-0.6149976727273452,5.118099752024882
-0.3428418390270551,1.0,0.9529834677390021,12.290136639253785
0.3418693373304633,-1.0,0.16858712211097027,1.108479270101734
-0.27481710739879484,-0.4372069600970656,0.48986658050318366,0.45121453254654625
-1.0,-0.8024902284544431,-0.5431756359420181,2.673008803307264
-0.08249759515552357,-0.20046029222186723,0.44947019404332367,0.9197537554409918
-0.3469878483778597,0.15298856560120822,-0.775087860656505,0.19019499459560762
0.2346136969187982,0.7211482365197388,-0.45923743341266654,2.0842138809043393
0.5929146330504849,-0.03604518759976605,-0.548393457813672,0.7940253379730977
-0.049526467438833155,0.9728665485374233,0.7562247342377579,9.699833468331256
1.0,-1.0,-0.6601376332681406,-13.225912671234749
0.2825442028710423,-0.305881784485059,-1.0,-4.530919532334557
0.27952951350016497,0.7895326753155787,0.8300462240452255,4.678452589922671
-0.478354270969398,-0.3342117944079095,-0.5269780957368517,0.7122742388026291
-0.5873355560652753,0.5441631825663946,0.672818272030907,-1.039197469761056
0.09233796181184828,-0.5837981287345446,-0.9582536204102579,-4.1653479096347805
0.3544056227369894,-0.061600576821492226,-1.0,-3.6259010855092337
0.920947023193966,1.0,-1.0,27.061532920269443
0.9320947102673949,0.40894508209071634,-0.43244368013039725,3.9109503998622204
1.0,-0.250133753299167,0.4793156132635723,5.774356922946036
-0.6003289621587387,0.09801329840244644,-0.015593694735165586,-1.0815812279359318
0.06479558843717248,0.7680171242946903,0.2425669031642672,2.278116478573071
-1.0,-1.0,-0.9832135444637389,2.6762412086469256
0.25774650906265784,0.12446173650416403,0.8652685733560848,-0.6482055438828702
-1.0,-1.0,0.7648113038072177,16.58203485796417
-0.09845288819951015,0.8692272754055281,0.6542158134561302,4.735664630404319
-0.03511740333500346,-0.3829719659688302,-0.873154337520055,-1.2445035788105085
-0.679583111219801,0.7722599627680438,0.2828710032173758,-0.9705651122497394
0.545957859434522,-0.8607071914198952,-0.4750491705779032,0.4404133388467261
-0.24832219875006434,-1.0,0.25243303308973797,2.639632645743041
-1.0,0.8326482298135405,1.0,12.5125719575766
0.3002313054104646,-0.0037127679745638797,-0.048849203900844795,1.0924875002249874
-0.3631646861323552,-0.7342001646228808,-1.0,-6.988906548422318
0.04759506042487249,-0.23734262377047988,-1.0,-3.899927412630816
1.0,-0.6825471249843471,0.6670032800727648,3.563349974926796
-0.7929906133687674,-1.0,0.6309773282553508,7.540242068757643
-0.2471574856238672,-1.0,-0.21163833698265888,2.9091954794818107
-0.5171662672806911,0.755137587874573,-0.40330585339564706,-0.5903266910053659
0.010635428397315572,-0.5215846538969882,-0.5914397210174667,0.7938497217747109
-0.2341889088476483,-1.0,-0.7980017071638092,-5.526757237414077
0.14983485975158306,-1.0,1.0,-7.217550753365074
1.0,-1.0,-0.6806465197585272,-12.875231354063011
-0.2674816407919516,-0.6775023932372495,0.2885249167020003,1.2825111381415288
0.5980799400571108,1.0,-1.0,8.757233872493268
-0.4310369206021081,-1.0,0.6016431414030539,1.7970728755195413
0.1833424825645562,1.0,-0.4689632783083253,9.948726693007847
-1.0,-0.9169075486245812,1.0,20.14331363931129
0.0222188741196665,-0.3994864737616981,-0.7640275851672669,0.27902751713134627
0.6232452533145789,0.45308000750295263,0.7153491621035872,2.757208141783215
-0.5047560509478561,-0.7512451140984995,1.0,0.8053074992095092
-0.12866696109146392,-1.0,-0.810928642081675,-6.821181424091405
-0.15643702249805513,-0.21430127485439687,0.22382679627172397,0.5721252321563883
0.357422332984638,-0.45993044092661894,-0.4037220683569831,1.065424692414768
0.09913232620119006,-0.5197809170338128,1.0,-2.263433606996813
-0.6306177639447486,0.6773276253227085,1.0,6.508103443656676
0.38633368163701975,-0.38560343853792967,0.2897864802681751,0.8797616402535184
-1.0,-1.0,1.0,22.182167954559855
-0.07294163160456435,-0.8787126830372389,-1.0,-12.099280931915906
1.0,-0.8217062181652783,0.35569047929433717,0.13102618013665887
-0.7916884306317638,0.7089805156750253,-0.15566787571153196,-2.382671627578919
0.2601019988382487,-0.17694416940527713,-0.16406217613872642,1.1087185069226153
-1.0,0.26608748914722735,-0.3995336738730795,-1.7092090931277117
0.8088742541998206,1.0,0.2953609203546814,7.971729758021638
-0.39657545065648203,-0.5379433266006033,0.7043961615479983,0.48651048282367454
0.551224381375375,-0.181637959792458,-0.567065971704728,1.1197002530487539
-1.0,-0.021386402476475608,-1.0,10.743743359291582
0.022160499949905654,1.0,-0.9886170913745396,4.219014345420398
-0.18804476043578533,0.40910808519512587,0.0017969137106585986,-0.04493519044656821
-0.13535268052031024,0.7504215090366526,0.034593816982188885,1.6216626124471207
0.7203801253999023,-1.0,0.2884574333785932,-3.1130350654976406
0.28998158499674,0.6786083282932527,0.09696234279229698,1.2570238483586234
0.7199333676028223,0.1474831452514962,0.8333627364246052,2.268406802291836
-0.6825178400504615,-0.6380292620565113,-0.132019067095708,2.0795943041963785
-0.0002272451344433879,1.0,0.10297759567131637,7.01672239024895
-1.0,-0.04881247512972586,0.9216919953778637,2.168930210175432
-0.4375291375393584,-0.9563277931547776,0.8561764039287603,-0.5375150017155758
-0.7452728435897751,1.0,0.06645754127287984,3.632001244093537
-0.23205586070382678,1.0,-0.03556799347509698,7.406416577521788
0.119846117765394,0.054262213153726035,0.5215178947633055,1.076424881088323
-0.04912785817470522,0.943694137024488,0.5736477756869303,6.828908163373976
0.38742131372598787,1.0,0.4625707409520776,6.87642819318772
-0.5042541250398771,-0.3907346921824095,1.0,1.3250154556969456
0.3131821223341058,0.9317558080151256,0.7001323078715982,6.546705023199404
1.0,-0.44707174688915163,0.0022256745626620944,4.293318578188472
-0.4585042652935942,-0.4793869216485045,-0.5945383647894882,-0.5094215976249579
-1.0,0.3882163840230908,1.0,4.030414536178548
0.6514132083001467,0.10364418663836594,-0.14816088348974277,1.6018521271193609
0.8416440073082618,0.11521678334947771,-0.1894870132736597,1.8795739260728541
-0.3443699839888248,-1.0,-0.29530611810446517,2.2443448826898473
-0.5509064881709367,-0.4633733330854122,1.0,1.109338886597131
0.9462339380291003,-0.04250630953501133,-0.0369879064471319,3.1742753329021673
-0.5892033011866586,-0.36152290257918174,0.707240764618563,0.5805587726466757
-0.5241561067355034,0.178616830446104,0.3434355748552991,-1.240986816722615
-0.407594069621692,-0.1987878235801379,0.9049192320964907,0.4763930412966153
-0.3900144230534348,1.0,-0.21896468615677622,6.089293827971756
-0.5747333287526994,-0.025434927436940313,1.0,1.1550058429251373
0.49666937896256513,-0.3249889692234549,-0.16337219434565253,1.0690885553552978
-0.13519378000440208,-1.0,-0.08863191469971055,2.8419916343741227
-0.1510797441288827,-1.0,0.15572050488333256,3.590260620298613
1.0,-1.0,-0.54670756434073,-11.120702897537159
0.01494126707630783,1.0,-0.5261597641987705,10.302826215920948
-0.46321610077691244,0.6434779133414192,1.0,6.069009110645777
-0.7446829751500339,-1.0,0.4390496406657258,6.284640706746413
-0.9354097045672198,1.0,0.021361810924547697,5.103003606952094
0.08203046569534367,0.016867749398663534,0.2684710178731817,-0.25162926349428494
-0.3064393178969558,-1.0,-0.5051583248858464,0.6679471054211825
-0.06259725400871408,-0.07126352097292243,0.2788522835481937,0.2990251752166564
-0.003184187418981077,-1.0,0.9045940296463832,-4.166758319686005
0.0654222518760823,0.006123084495836872,-0.37638370985988145,0.4226984601653953
-0.7002922849636903,-0.538229219933402,0.1705060946202437,0.753265665985029
1.0,-0.7220114243055185,-0.8749489730007491,1.933601137102889
-1.0,0.24201993579371717,-0.8130606145310391,4.8173208258446625
0.7017022003739444,-1.0,-0.8251941202211219,-13.9955743561988
1.0,-1.0,-0.4140051908015159,-9.833242728682066
0.7576583446428877,-0.09668821797340987,0.48551395450100965,3.0082022222019096
-1.0,-1.0,-0.2553480702809017,6.69898254809532
1.0,0.6088436967749593,-0.13329013288475444,6.836450804966497
-1.0,-0.3340493771970712,0.7163675631033934,1.2043498168874782
0.4442468895559115,-0.36161241397341226,-1.0,-4.628719085617848
1.0,0.5977540658078604,-0.1966448160992862,6.501829372911183
1.0,-1.0,-0.9646501710280329,-26.897138712948074
0.35354134198888554,1.0,-0.15083277199360223,8.40865066964376
-0.18328083724546773,1.0,0.5789312698316462,7.700156911996185
-1.0,0.6829153296552024,1.0,9.076848473008557
-1.0,0.5399415944472856,-0.16568414382230867,-2.2899199277391107
-1.0,1.0,1.0,16.824643771888958
-1.0,0.08841833752483219,0.7418033370284633,-2.641310355386036
1.0,0.6845086473595214,0.8951364154417552,20.56566854452227
1.0,0.7787056570788922,-0.2749132263442926,8.127417495804796
1.0,0.0898669370716414,0.996803041128643,14.336925628281907
1.0,0.5423070639153733,0.19843814182833963,7.983312367087057
0.0479017714033938,0.04129365644507477,-0.3796021982972573,0.4373926499215044
0.441223589202578,0.570692363819151,-0.4519762985705553,0.8455527845516082
1.0,0.8428852473074719,0.6220481287406725,13.589362780944926
-1.0,-1.0,-0.7711261965060427,3.250846219513663
0.9525821579316589,-0.011976766733760247,0.3749345169435505,4.606040061539604
-0.79301103307274,-0.44262462473313957,0.263720614684102,0.39782193699973356
-0.09864652088773651,-1.0,0.18150399765502234,2.1341288427451883
-0.1791675720396313,-0.8341601523567308,0.5596625254585808,0.770810382141085
1.0,-0.7609994723000701,-0.23572924375743853,2.239953538557548
-0.07937756793319162,-0.41584536928111415,-0.20258943593917422,1.0979302893120602
1.0,-1.0,1.0,-8.791220526297367
-1.0,0.13819304148182465,-0.2788554709239923,-3.547620429323991
-0.2280714475821708,1.0,1.0,15.015495838969072
1.0,0.9495739625692627,-1.0,32.36548463824965
-0.09422116944932935,1.0,0.19760854290942254,6.94699324829643
1.0,-0.6281831412192787,0.7905554282021539,4.256476494786957
0.09211672061351606,0.9452666039845192,0.17759089555845753,4.736462762090517
-0.7878830406256643,0.7844686182464462,0.1550658220372625,-1.0163567840500702
-0.3192978852467583,0.0006505696120819859,1.0,1.1476304547240952
0.961264011061346,0.8835162202730518,0.605748491155407,11.716320513945421
-0.3427419058497756,-0.5404513080062028,0.6497022054652011,0.3530772177073346
0.09110200961324244,-0.34032452441423944,0.8154182633631517,0.10515929279746239
-0.8734942221681223,0.9612723594443018,0.1825633008223979,1.8211646355626507
-0.4057553007477648,-0.6662200992535416,0.5217409539648206,1.4139610446427708
-0.08709451061801943,-0.5048806327071018,-1.0,-5.398776997562837
0.43149335528698085,-1.0,0.1561541715106065,1.174292966583852
-0.1904008662410397,-1.0,-0.031986715951094924,3.435593610866701
0.1945698888088363,0.35103935205565806,-0.9534192124113254,-2.2519668878883206
1.0,-0.9697377786961283,-0.7784630248036473,-12.293831920245939
-0.29321740074030167,0.746812417599358,-1.0,-4.467660591234725
1.0,0.9330015957347628,-0.01556941566418013,12.229878660747215
-0.6533411849154356,-0.4856068353732419,0.4870734166494479,1.714566070167033
-0.3196179638988761,0.7425501885919965,-0.942544175874666,-3.2055889638980446
-0.9145044644319649,1.0,0.027670452226544517,5.728220095110501
0.82323576030699,-0.9424873158937406,-1.0,-20.497814617086345
-1.0,-0.013068925477315974,0.9437016542920589,1.760399678673937
0.6987681370692291,-0.8770173080938126,-1.0,-15.963558889946436
-0.2441163176990908,0.14917613097754723,-0.2879348263142363,0.728109914947207
0.835256828450776,0.3553837995070379,1.0,9.059942047567185
0.416260477245064,0.17498596161915847,-0.4432689638140257,0.9945324294429537
-1.0,0.5863774012213618,-0.8559857366729193,9.945338419692744
0.536215972864047,-0.5263030881505517,0.23203789608280578,1.4181198933481647
0.09305788623158628,0.5410363710784825,0.7620641459905575,0.7259381513601108
-0.2819856932566729,-0.21419003750437082,0.026081266873186237,1.0684518313720774
-0.5927612219957776,0.264439480044397,0.371775717170973,-1.472525555203194
-0.3867275200471494,1.0,-0.6550270189039666,6.585496208672667
-0.31059059339522177,0.40313282627446734,0.37513407099022644,-0.9000262684303832
1.0,0.8041436472601904,-0.43649365972885734,8.64860182035033
-0.3786459650427345,0.010710309870403112,0.1556202558274713,0.2766828205091184
0.9383828287377531,-0.10441423270468575,-0.8380645380189726,4.700565500616182
-0.7171448930961093,0.6697340820024189,0.10266741576659788,-2.17452532617876
-0.06034353809579174,-1.0,1.0,-6.461978188497812
0.33565976104312556,0.7752096576341876,-0.9526851086007648,-1.0351805573025872
-0.982868103617462,-0.3052985154932033,1.0,5.487610954177661
0.022532847702582792,-0.7509134134521995,0.45470913972960947,0.8745604150082983
-1.0,-1.0,-0.7258365915665348,3.4795521003398986
0.26071013517906017,-0.7564284690110494,1.0,-3.6916635120157535
-1.0,0.539720505938817,0.8732699165897344,-0.4772393306250684
0.41466642672564924,-1.0,0.11957240271398217,1.1633720014196172
-0.4993360506745772,-0.2813735333028382,1.0,1.556582791905594
-0.45289498504153736,-1.0,-0.1944180096814896,4.4302598752303055
0.8166684108885749,0.44561490909367674,0.7208947088440516,5.80849864393256
-1.0,-0.5639091129370792,1.0,10.677936232387687
-1.0,-0.019389576295836264,-1.0,11.05918242861897
0.8048160155883157,-0.5953202632461971,0.5949368179273111,0.9747181808754395
-0.056632226307764766,-0.17263314811538333,-0.2913567173367302,0.609933215217326
-0.7840666317704006,1.0,-0.2696862051369142,5.2411819347931425
-0.6206809034464349,-0.11615179223435868,-1.0,0.9967647577619951
1.0,0.26086114449739495,0.024866542961813787,5.196511646226967
-0.4239956398154785,-0.3503767174012755,-0.018121548094867324,1.4359611228112925
1.0,-0.44659744899901166,0.3135823314224735,4.54032529215973
0.11598616947271156,0.5131333981405959,0.6663413962235469,0.8375319134665838
-0.22241299314272833,0.5289253950894797,0.22327096184315343,-0.16405909351143608
-0.4938019497990058,0.5673759423488245,-1.0,-3.1526246796468307
1.0,0.1132252489214789,0.39066091854118357,6.402627316160073
-1.0,-1.0,-0.5827941033477579,5.288179966160232
-0.025555061258101475,1.0,1.0,12.332168185157913
0.12533145944346624,0.38562984594683125,0.2422005821000961,1.137030524783047
0.8263853730526911,-1.0,-0.03118590871706184,-3.7128035004861033
0.9633714957151971,-0.6961495218278284,-0.4878976796529573,1.9783755834713306
-0.07936127734309939,-0.8428565583923762,-0.03650920699015092,2.073604048240984
-1.0,0.535176499386965,-0.1374708934258222,-2.400180990304321
-0.18255828137635,0.6361368868125981,0.903713923978599,2.73909527016523
0.2878527563358857,-1.0,-0.13740519820774666,2.3754730816406564
-1.0,1.0,-0.06687735099872616,8.375660361096193
0.002342603126846976,0.5068384363919365,-0.5196425985126503,0.5276380589162979
-0.7518112971779096,0.07108921081836339,-0.411792177307015,-0.6120486863155583
-0.7289701916003546,-0.26039787319525276,0.48107528596543947,-0.03469692669109664
-0.7890241331151029,0.43268835830561025,1.0,3.874966496589657
-0.10966216860101285,1.0,0.29750585974544985,7.1966509346113385
-0.33965232100001974,0.6057147030168128,0.4149898850144771,-0.8838007644161402
1.0,0.1752978510142098,-0.5889889605331291,4.923486462114126
0.27296957040084946,0.0197935557624469,0.5830467351092536,0.4763447776124863
0.7995471725733294,0.1152970256573338,0.050605356032482396,2.946131953495637
-0.4160174458354353,0.5849629968402821,-0.7926280962474068,-2.0919460404099937
0.47129393762302896,0.9468370354491158,0.2558997663120537,4.816177511554703
0.35578197489498886,1.0,-0.7621276663404717,10.630620367241383
-1.0,0.28878542932648954,0.1556711465896874,-4.776029540258198
-0.06126839126559536,0.4070912881961617,1.0,3.2199159553484806
-0.12495410602447321,0.4897661193157159,0.6436449116997149,0.8152914754297407
0.567959289141873,-0.23034067853205253,-0.2702679885313881,0.7955475172876564
1.0,-1.0,-0.6304871732929378,-13.253084414408864
-0.15944233898916593,0.15466953713781395,-0.5471465061686411,-0.17609970325442925
-0.4158053275406599,-0.23221257007293383,0.9455643963498941,0.21131292340017643
0.2693155887178309,-0.696667262166502,1.0,-2.7300223819541785
-0.7142117731275202,0.09247632114527815,0.9098734539631954,0.8688203597596534
0.014660881245380786,-0.2278806460228311,0.864842714821999,0.04371330187567313
-1.0,-1.0,-0.4109818636335898,5.286499101394362
1.0,0.5100126974881707,-1.0,12.888578029965117
0.2030982515216162,0.26101714473656723,1.0,0.5041968756787857
-1.0,-1.0,-1.0,2.818711411118749
1.0,0.6192756864229905,-0.8452191518683689,10.38520317174635
-0.21709472563715648,0.17453033958067832,0.540923785339342,0.15168380155567132
-0.643923728648029,-0.6399354474329346,-1.0,-1.575276577242379
0.7740300321740325,-0.6335563367056212,-0.22099395418331969,0.8403035869440307
0.7879650807886829,0.1324159286199087,-1.0,-0.19157064016809222
-1.0,0.8729123092567412,0.6662916414067706,-0.1995709244908056
-0.2776875444548088,0.9391725798337129,-0.7476717681206493,2.7916999876727293
1.0,-1.0,-0.18869611449694035,-8.73737330904701
0.4580902346162592,-0.6885886145777786,-0.43739338299498365,1.2304972520256807
-1.0,0.09345062178080599,0.4444294301706546,-4.398950474643565
0.6472655414394521,-0.7248280288035143,-0.7877294843040725,-2.2549586593156543
0.9194150347852748,-0.9939093303757454,0.2527048156033542,-5.054112404951645
-0.6318234922120776,0.36785679543372685,-0.6980943229401777,-0.9088325178811318
1.0,-1.0,0.5207956161400951,-6.5535770507263615
-0.07952997315779231,1.0,-0.2875929182204362,9.517841444250722
-0.47789603402063907,0.23559114253468127,-1.0,-1.2747489424107654
0.6605399949112767,0.4590935993246492,1.0,5.4587754690935775
0.9357143805071866,0.12098774105126142,-1.0,4.743682835859241
1.0,-0.3513323808754689,-0.29357941565985346,3.4969156533459995
-1.0,-1.0,-1.0,3.0442950050409348
-0.28810254407324987,0.951562460066844,-0.535069935419815,5.165637146370636
0.8918086068129756,-0.9322058950873626,-0.7230658052748429,-5.957282591212182
0.803907852449147,-0.3254215940261749,1.0,0.39080614493984817
-0.41232456781850946,0.8892594910567253,0.45489666566792897,2.2280442553021205
0.9907486257700497,0.8034896540529108,-0.3661656940091107,8.203540083296419
0.09230639716796651,-0.8231056393090264,-0.3031324358359846,2.137935705385142
-1.0,-1.0,-0.22486681609676373,6.817523046052467
0.06287469841383042,0.36673860697813176,-0.696232691259586,0.39341324147413814
-1.0,0.27609380483945234,0.3829279221186572,-4.716974529855257
-1.0,1.0,-0.33565898701656427,10.935584757372002
0.5824469783032826,-0.21011325770772182,0.14634019638144014,1.3271191619825649
-1.0,0.04301061441806797,-0.8022440829402824,3.2588567754116697
-1.0,-1.0,1.0,21.58482221763251
-1.0,0.4461351974448573,-0.4086032482149453,-0.6950088454730402
0.25206235021834966,0.5845044665931216,0.1243800980688976,1.6953647193312311
0.5713697157005038,-0.18018117056840555,0.22960846039131422,1.6019220646891832
-1.0,-0.7310813506297718,1.0,14.642648597712512
0.48055284945433074,0.05987411492055683,1.0,0.9187058537270727
-0.2883208181709007,-0.16741804028964036,-0.3253220826256287,0.08420224696843864
0.9611092387186488,-0.05412527133230727,1.0,9.981203078980663
0.5661505050867457,0.36969412611554175,1.0,2.7586818850871806
0.32386605198784135,-1.0,0.7796069961399348,-2.1270969296605378
0.17532635413374797,0.6039269291029215,-0.259508530735886,1.3000247152650068
1.0,-0.6086681262451639,0.06017818167292077,2.2736844585453233
-0.2576310102748731,-0.3286203121182696,-0.3655738561275341,1.1577567288270105
-1.0,1.0,1.0,17.001518829723228
1.0,1.0,-0.2197617229638842,16.514503104526913
-1.0,-0.5156472708646065,-1.0,5.060528620725904
0.08171943212274235,-0.05128159661547427,-0.2592735618762101,1.5286882064685634
-0.569702026143514,-0.13509887420301614,0.8134922620987302,0.015573491322913857
-0.20389524769738077,0.12299086442817919,-0.31167527559759,-0.44806871922852354
-0.37151973901940183,1.0,0.011433513723561717,7.019107655772467
0.16838880862023742,-0.16271372219172076,1.0,-1.3053981271093387
0.9268109978395747,-1.0,0.37531218725265525,-5.069546801807828
-0.5471643848971222,0.8330741846719703,0.852418973723261,5.352853595374018
-0.1265560267055046,0.26127411040764215,0.36401939202205424,-0.15331891570132916
0.760519117955148,-0.6583888559906401,-0.1281357296439758,1.1545156834699348
0.7902735684137854,-1.0,-0.39035559462614833,-5.707078363461428
-0.030099936887954648,-0.23606180934603915,0.5526400940843648,0.6498481985148732
0.3025494234027437,0.296861790080011,-0.8228663684421562,0.45718149300941713
1.0,-1.0,0.7824792269520344,-6.3387500887012855
-1.0,-0.11759500454520833,1.0,4.530753595224928
0.23530690600246418,-0.6876723660191753,-0.0940108040273242,2.1055817895660756
0.4624885192754977,-0.10312986995327056,-0.06178673960558756,1.5436263720315992
-0.20448010297534558,-1.0,0.02641567050503868,3.4072746219274945
1.0,0.2532451817944301,-0.25785069716894493,4.964314897933187
0.9211457995657784,0.38206591433551873,-1.0,6.458312735562682
-0.2601570054137332,0.10313513418721287,-0.14026491710694766,-0.038428599660283815
0.6358658489211029,-0.19807761737675844,0.5567416914717733,1.200416236478406
-0.5728526721143545,-0.752759778851573,-1.0,-3.622480562066683
0.6790711266136522,-1.0,-0.2523796047032072,-2.721028239124693
-1.0,-0.9955934938012829,-1.0,2.7723073429040723
1.0,0.4833121674681429,0.9469603137449121,18.920952679566888
-0.9805279624278733,0.26608594698988375,1.0,2.8154313518869154
0.8396183207265437,0.761699118161761,0.9457910379748369,12.753202369926225
-0.14711998493007927,-1.0,-1.0,-15.387575577821691
-0.14390510292906877,0.4665521339189267,-0.8070962720729984,-0.8894038986020183
0.9118916491031617,0.9124247898531679,-0.03591208727460593,8.308344883731525
0.14427620493137105,-0.7037697643140539,0.8525263536611827,-1.2043798178119103
-0.5080293591534184,-1.0,-1.0,-10.97476998759197
0.5923368977193129,-0.1473883428706213,0.1242919391632118,1.911720060796038
0.5617787099473874,-0.21390328978143547,0.6063290433257502,1.0502580364340839
-0.3794631825376462,0.8088903954914506,-1.0,-3.787703214088548
-0.43957116600945456,-0.8207252171679156,-0.5040844034499017,1.7042090155994676
-0.27472925012114247,0.40383083550629584,-1.0,-3.619848202663974
1.0,-1.0,-0.34902555987807293,-10.02495584497529
0.02726865372502485,0.3034909133969024,0.2693633466845313,0.6257674545827717
0.23926142718647747,-0.6325960155683323,0.38067921690500706,0.6654197904955519
-0.9707111139978841,0.23286481751720367,0.07924691309793275,-4.433783456002153
-1.0,-0.10308146825306874,0.26326465375161656,-4.212034397670071
1.0,0.1858810403458675,0.6233927567047115,8.50422452974422
1.0,-0.2706867891183684,0.3883702967781877,5.288818451460972
-0.42564958127568886,-1.0,0.1149132654830558,4.271728934025521
0.43869520983892185,-0.9337800866721935,-0.013941567296642088,1.6247406861719433
-0.09773816135927027,-0.4905310922473627,-0.16284501214452018,1.5394821913256673
-1.0,0.7440390906447962,0.36368055421283674,-1.9636383961577644
0.759947783647742,1.0,0.1570430437980601,7.919667903568641
-0.12062591370001008,0.14713320909813055,0.5034988894876962,0.2879200758926848
-1.0,-0.09827264327404595,0.587736771204266,-2.870868579833545
1.0,-0.5269014699634833,0.9585830363783092,4.932997599665106
1.0,-0.8834491484577784,-1.0,-14.060490688491969
-1.0,0.4817475602222596,-0.2673922835651543,-1.4763484020320932
1.0,-0.5035926800678274,-0.2190201711136328,3.330619948434025
-0.38688531365495527,0.38679671987528286,-0.478534250320493,-0.008096159145132176
-0.14925458987603957,-0.4174481423233718,1.0,-1.2493082294954931
-0.7032649517577605,-0.6013067445894325,-0.5820002000643374,2.0805582719602205
0.1316228422084167,0.03548371062559319,0.01227343295658545,1.0963294792332339
0.22394513567811902,-0.5403458605735685,-0.40329543656828326,0.5960214455799036
-0.8050671414875963,-1.0,0.8714490071205729,6.909530713388877
0.055893672048272114,1.0,-0.44422328268282874,9.734150314046463
0.9154987998609923,-1.0,-0.9628217875931238,-25.289806913596102
0.11172184928942563,-0.8282694603227043,0.5760484137329585,-0.030086153021890882
-1.0,0.24569288138426937,0.5992192648044847,-4.4714882661612725
0.6598151300236448,-1.0,0.10238847627898884,-1.8597573204650417
-0.2517560414100799,0.32710417460976293,1.0,2.49727333541025
-0.19494443680180784,-0.36893015150359587,-0.6121925307672826,0.9267405428928971
-0.3917446119076997,-1.0,0.9302730517537148,-2.819837078996899
1.0,-0.3229708607293209,-0.8363593892630514,6.198681829376126
-0.7224437583378736,-0.10217984504420619,0.3120995857011559,-0.7638348359667577
-0.4609338004220822,-1.0,0.660554201513535,0.6518321782792376
0.6899547393651952,-1.0,1.0,-6.971570119151015
-0.46660329067019823,0.42378333603551943,-1.0,-2.490196659761339
1.0,-0.908967966697753,-0.379463159995014,-2.3126636730056926
1.0,0.994696199234625,0.845386832670443,19.628071770336994
0.20118610582101493,0.2722005442227684,-1.0,-2.1706448317058213
-0.37777971048933656,-0.12954752474461073,-1.0,-1.9710009464815004
-0.4604935772305845,1.0,-0.5896932366041159,5.924148058211239
0.7732334152065479,-0.38210990247705867,-0.21939486656260998,0.6924627669367515
-0.11487096920947781,-0.019050098324431497,-0.4758425160703521,1.0496102493684454
0.4728253892562684,-0.6846534994249849,0.13724036603350798,1.3283628590631444
-0.5038315560571933,0.013367968085769899,-1.0,-0.30643355259589544
-0.10237613234817822,-0.06101157972704052,-0.4245072900450577,0.27527628207192195
0.07683589049157313,-0.12741999428450534,-0.9826828035321595,-2.996975145151997
0.919877402545757,1.0,0.23821834834156363,10.71299033435512
0.16595689032749195,0.48901278924737346,-0.1704209400598431,0.5612078632150669
1.0,-1.0,-0.9444281617871799,-24.484517818072856
0.09798142261675391,0.7224004114684055,0.13216768533703704,0.6750066162600991
0.3434362953783734,0.8517104938523485,0.4139408169595937,3.6154580443226036
0.4321807497635155,0.8279353293156293,-0.19450417302379863,2.862092861621033
0.08576835848617126,1.0,-0.9839436200893397,4.9603931668128745
-0.9851502601567024,1.0,0.4422178141434743,2.169810456098451
0.5056825034130363,0.7181621044106716,-0.07959831721003052,1.8682487976572681
-1.0,-1.0,-0.0033261312298320522,8.211092116453274
-0.9085085198460172,-0.762540104268743,-0.8692197912523838,3.269997405460632
-1.0,0.1345798664622313,-0.2760755667910195,-3.0531102482293035
1.0,1.0,0.3126674255082449,13.676594166774544
0.4099155597947204,-0.6963768289304508,0.2514676466291994,1.1788710496747803
-0.47317512434350917,-0.35390591285628026,0.11220375281022577,1.0406758270807106
-0.3098941887652509,0.38437731373779815,-0.2863972901626597,-0.8295339715201699
0.42989876504944813,0.2174716365391589,0.9146434745859948,0.38113040050594926
-0.2730337349289611,-0.7897318468045462,-0.8238141137764117,-2.5443832940565536
-0.1298769609966075,0.9010041699987978,0.5702682472684839,5.27823384220455
-1.0,0.266517216792896,0.03988346659490727,-3.9441460766712813
0.22054135047620527,-1.0,-1.0,-19.18176535227778
0.841749923177882,-1.0,0.2602511069322333,-4.0674704389480265
1.0,-0.04095571054652569,0.5031224312045288,6.678159913587109
-0.9461225124802222,-1.0,-0.6382321273880811,4.944575986870723
-0.04948885162856831,0.3396559266448229,0.496303135406021,-0.2023736599157937
-0.9183335170278819,-0.1848988802906828,1.0,3.5994028379778245
1.0,-1.0,0.6537289152749428,-5.890430745792602
0.3861150481480202,-1.0,0.04190991565010771,1.1894759149232266
1.0,0.6032435568478234,-0.10788030320663133,5.990010168882763
-0.5471139407406336,1.0,0.7520400440601411,7.548227301645548
0.5481704479443466,0.5905630497135967,0.19979066085188424,0.7884494005685635
0.5776767553603177,1.0,0.9765779207115175,9.543993769694973
0.10231109068630295,-0.8214212726788601,1.0,-3.7868920349258186
-0.5453923715478655,1.0,0.031654342745965236,5.491581105278852
0.4655294644807466,1.0,1.0,10.123969857840562
-0.24277031652884729,-0.7939471773734501,0.40322829689792394,1.5741089102336148
0.44881985315480266,0.4941698725006538,-0.10101712174246669,1.3607507091517024
1.0,1.0,-0.05034121440226258,15.507501948960668
0.9126452971410022,-0.435567266402922,0.08906505009665167,2.35741312674237
-0.5457242522958896,1.0,0.8920918824739901,10.988728318320167
0.134720431156516,-0.046025747976196296,0.21470307886578754,0.8752275972792996
-1.0,-0.055922116181992276,0.7441278238361626,-2.6314242136903245
1.0,-0.6812086477016013,-1.0,-2.4414741426126487
-0.9935777734061382,-0.4044811947260596,0.5727733544391806,0.8894892814688007
0.22283294460000214,-0.2754218587298016,0.29072251077866706,-0.06732718944654803
0.7179641499618932,-0.3432289082191964,-0.38133820230955573,1.6761805150306905
-1.0,0.004989107974615603,0.20857560622644966,-4.125449138340105
0.37082774789982564,0.10832167516056712,1.0,0.1734513425398063
1.0,-0.410282756566531,1.0,6.876515260590714
-0.914207532250632,-0.08893748548220581,1.0,3.3690234728307655
-0.523619967317551,-1.0,0.7509593087618323,2.616471824361282
-0.9542805868807933,-0.0294670108215338,0.33411195501264834,-2.4528386079548308
1.0,-0.7473580135586029,1.0,-0.13312589881414139
-0.402959839087504,0.298217368729607,0.18395465468946504,-1.4910866600996477
-1.0,-0.42660940350605325,0.8467956869210307,3.499921897365183
-1.0,-1.0,1.0,22.14663556973996
0.028656884657934478,1.0,-0.3585407933198841,9.391031132206406
-1.0,-0.03478783538464203,-1.0,10.139051574018822
-0.09256381440024675,1.0,0.010822427366276921,7.651215044448628
0.8856275613793121,0.6373337055644119,0.07414872598875011,4.6957540810032805
0.17205545961725877,0.3018257419856971,0.2741366506950813,0.8059974239100764
0.45230491682410756,0.709477638468726,-0.38148589761041274,2.06504981873072
0.4095902614183391,1.0,-0.19347290289694197,9.405341471351644
0.838889187402698,0.03950560186354801,0.36634832948394247,3.7597923107291606
0.40639171220419756,0.5856574954809282,0.43768151093796925,1.4783361132167807
-0.9711013876043293,0.47787847649276216,-0.9522232666508761,11.686649122036844
0.6651872190089552,-1.0,0.7486683449110825,-2.5893321652103776
0.17732848235636167,0.9634152913520821,0.6758327525965799,7.244710339282531
-0.2997688704816921,-0.12504257735347446,0.32107761228355236,-0.22362488068123032
-0.7613519976490368,-0.12939776648098245,0.6593542548686988,-0.6013966131488023
-0.8116994598012048,-1.0,0.23617468070617287,7.325808181984235
-0.6650283288560495,0.1542244815100371,-0.6830128798829391,-0.8976301707017266
0.22941534136346453,1.0,-0.6286874990533078,10.862805748893962
0.826322824779886,-0.3211785483270344,-1.0,-2.7883041356356975
-0.720576455344148,1.0,-1.0,1.7687144231828573
0.7490002240605664,0.0929226883248988,-0.9211312879067299,1.3602788698634627
0.24700382308338553,0.055650863989094246,-0.3009247202812153,0.9211443461159458
-0.2362417968341144,0.5933589653355258,-0.8693775734545233,-1.8063219694565267
-0.8908705783662696,0.42441497138212303,0.07448648361343957,-3.344225407548218
-0.8032579803826565,-0.10955810994969428,-0.44811707499535247,-0.5057134052039722
0.2590422431285191,-0.4839481786131905,0.22745790018179401,1.8174113121904445
0.6701155122528701,-1.0,-1.0,-24.77276332146002
-1.0,0.14679187293415263,0.7829841554168631,-2.725201589371595
-0.4456577672118984,0.050020699753157816,0.07249739918025355,-0.5906770802105413
-0.4245276603161847,1.0,-1.0,1.18316599508432
0.8711829697999276,-0.41102401138224254,1.0,1.0958073357056899
-0.7083894103598332,0.056895523046294194,-0.7910422953401679,0.23896703283979936
0.2671331447239498,0.5705481466380629,-1.0,-3.335703760562375
1.0,-0.7107966663918057,0.4662851028740278,1.550047373483448
0.06513377988370928,-1.0,-1.0,-18.29154113413795
-0.005312207719592621,-0.09183705588971636,-1.0,-2.7814945948834064
-0.8995165477518705,-0.002604984302171598,1.0,2.6854135930505545
0.30002290781506424,0.06383794730575842,-0.5055230262124069,1.501802786349493
0.3344592411195231,-1.0,0.36408460869255665,1.6611314862379725
0.01426652940158224,0.5118796300748223,-1.0,-3.26162636031319
-0.30946707103312576,0.8958981852343431,-1.0,-3.1158295402337615
0.02491728273254057,1.0,0.5153772563833829,8.014564473182464
0.17214763999344096,-0.6998111278179819,1.0,-2.695239085079507
0.12054210196498394,0.8300132886542595,0.4681801180245051,3.2398669731348155
-1.0,0.20866378898277205,-1.0,13.582915132699565
-0.37766356482573404,0.05058172389962068,-0.9044461088238906,-1.0350379073407039
0.7616541517415996,-0.14159661659721046,0.061827954912022864,1.8481243444279754
0.917448678992274,-0.9035106945475371,-0.0708097703733499,-1.5113949527414976
-1.0,-0.21993155653667507,0.22511238818714352,-2.900857868841231
0.3573022654651925,-0.5587884902059443,0.2073713828440804,0.987809333842682
0.5767084200749892,-0.7552745505135217,0.8670529289984941,-1.6857260283061373
0.08155939628362852,-0.30043172794968576,-1.0,-3.8170366590173295
-0.11778816883111154,0.11925646246476185,-0.0026768979253080083,-0.7015312148866909
-1.0,-0.7192129575671395,1.0,14.196518650584542
-0.8981526074121875,-0.3412644089580932,-0.16691924437821348,-1.3424232000713352
1.0,0.12394414905438844,0.14770694370528448,5.412586127623894
0.5773213921530864,0.4814462851620047,-0.8862893055611172,0.24089708198738652
0.9903298794246993,-1.0,-1.0,-29.90154866336048
0.22725167076020747,0.17581266964106668,-0.08263225307583744,1.2201862770717609
0.08424535895605523,1.0,-0.29424280516552237,9.154818261028673
0.20658597499569065,-1.0,0.9037645871114761,-4.783523818563799
0.42765038695323976,-0.523332372806214,1.0,-2.6740724231042057
0.3965616012325226,-0.174406854963985,-0.7098223746741279,0.7359773080784993
-0.8527462445373422,0.46074600623355555,0.10539968403237454,-3.966268020758367
0.7898585094127455,0.3884654443366762,-0.5724711111160892,1.7906686486410548
1.0,0.3995685598145662,-0.23020524081739668,5.114910632205534
1.0,-1.0,1.0,-8.011312653735743
0.885093260695369,-0.6356793816888717,-0.47836271734123637,2.294433803540772
0.08075083071572386,1.0,-0.38238133662044715,10.284192634369226
0.5139286973009283,0.5261504875734975,-0.24344356428335012,0.9591785337523394
-1.0,-1.0,0.4856366815389095,12.311508753776097
0.6692999796695454,1.0,1.0,11.671586643582284
-0.4152782069836529,-0.10724345319689133,-0.4975896206886383,0.4998703148249868
-0.6347015939342946,-0.08336068493425564,0.5457645524790866,-0.1988344793767703
-0.2840565614925825,0.8654151075535537,0.6985533578472725,4.127723686756485
0.23790339191879162,-0.35512621991272564,0.2635500362867602,0.6549645458530378
-0.8908295810781695,-0.08890329670259,-1.0,7.351271767983039
0.4248095927988391,0.7710263012986986,0.5214417021596645,2.747582070949101
0.8949256981473577,-0.12919199593299568,-0.03790394963049404,3.16728969832939
-0.8658314339069977,-0.42193708355219295,-0.66128789830121,1.2627072584382255
1.0,-0.5286290313602253,0.2733705556556416,3.374682581142748
0.2588091852171168,0.9564901688110172,-1.0,2.1155872190546954
0.6491009296588206,1.0,0.4647911672490579,7.589162727862641
1.0,0.44828914440608214,-1.0,12.466941125937588
1.0,-1.0,1.0,-9.898721929879136
0.043952702069269156,0.16619613956772583,-1.0,-3.07768075176843
-0.4425307412643926,1.0,1.0,16.19292448305895
1.0,-0.7281218576099471,-0.20426261229276577,2.4772072515022594
-0.07853842642146791,-0.6061763263186819,-0.3764221576274771,0.5701250107098765
-0.3172263825253392,0.14564165655654016,-1.0,-2.8398237791458407
0.7420716765382618,-0.1411688261885775,-0.7780533091516009,1.503975534215612
0.3126941988749108,0.23209652884928555,1.0,1.0167630265403687
1.0,1.0,0.7075157542727135,15.956973741802221
0.7143968542965327,-0.6804911628807786,-0.09683835726855583,0.8163818782442629
0.6342360406914076,-0.38117602557587094,-0.3368096335381532,1.2303391749231194
-1.0,0.283074206831452,-1.0,14.10139452115604
1.0,1.0,-0.7921364345383524,28.9271665170408
0.6519425126236578,0.6885863849339624,-0.48866065606508413,2.22101777548262
-0.01580881917491528,0.9507015957915963,-0.26947509002000536,6.412232837842711
1.0,0.8382090101882311,-1.0,22.421156641428777
-0.8679706751988499,0.8199804480634263,-0.7444520340949186,1.6979745182141137
0.15892181772727376,1.0,-0.677839254330286,10.551821126675197
-0.1270380837748264,-0.423764995306813,-1.0,-6.070065684549512
-1.0,-0.08079523744919159,0.11395521995117219,-4.001036182011306
-0.5919922581750408,-0.006457890362892682,-0.3390215068117499,-0.2766111283754594
0.45046309669364115,-0.7595814107687939,0.4826685039059422,-0.2748342784896347
0.4506956028461315,0.5585350469430261,0.23873494742291523,1.9393639963203673
-0.7545832164026762,0.6109074258408511,-0.6772902770092519,-1.4203445872667957
-1.0,-0.8797706391293552,0.61549851592071,10.375121035513766
0.8662116520814207,-1.0,0.32222318680589845,-5.19312312233861
0.7707399105248611,-0.6973641868650373,1.0,-3.460031270961348
-0.11295732126765112,0.0233775364546569,-0.5153923137681529,0.3718660796317239
1.0,-0.5220559098511133,-0.2699140475055677,3.626256918189174
-0.47650102226050883,0.18491804622402142,0.06774619044167918,-0.3168714597194099
1.0,-0.27278445545877883,-1.0,6.021805916024231
-0.1461568020867825,-0.6186332508694692,0.46581818006776277,0.49513414224684327
0.09507128424092315,-0.7721750411277553,-0.913575164473929,-5.65347926212715
0.939051949182397,1.0,1.0,22.378732103994594
1.0,0.6121707507206067,0.09967023968102673,7.448919467125123
-0.08150397142633192,0.9350761845029822,-0.07134854218925746,4.8323970496762
-0.9435450459925354,-1.0,-0.658146694008358,4.534487278367372
0.15806206905157905,-0.32769155983512754,-0.28456123280664936,1.2084973306833415
-0.28624325951737695,-0.24387594871433227,1.0,0.03981024890460172
-0.6253361855595934,0.9133683983629897,1.0,12.806688128847918
-0.7495294222300444,1.0,1.0,15.97605761812093
0.16698188452466578,-0.8980687138884753,1.0,-5.489372946700716
1.0,-1.0,-0.42382023802497626,-9.882388193074123
0.2531687814211825,1.0,-0.3969245872252114,10.126579618025035
-1.0,-0.015114423729802429,-1.0,10.761063096794564
0.2838663882560719,1.0,-1.0,5.371045739134926
-0.3450811449658513,1.0,1.0,15.417075821846618
-1.0,-0.4392593761469463,0.7215066089831108,1.2759029364982954
1.0,-0.7353912047306486,-0.22633597172056485,1.0397474722380715
0.8202386629860199,1.0,1.0,16.047824216798645
-0.2939604714031854,-0.26249307482369,0.17422330939576147,0.32030813467858027
1.0,-0.10218240172888726,0.34113678014810445,6.194444042057706
0.8438720634777321,0.43259753445690996,-0.6775126862587346,1.6624658798870349
-0.24142046964032593,0.11221172387482947,0.7541226219380253,0.15577404030592562
-0.8630598041906323,0.3682409361241752,-0.027826017063969255,-3.552025548219134
-0.16768111521718554,0.24489722328942198,0.2863678268524976,-0.6108066685526211
-0.27410938341065383,-0.7565878243873387,-1.0,-8.138917287937616
-0.3367982684766353,-1.0,-0.2868041170769895,2.8760947207463667
0.2157069373630074,0.1631140068262642,-0.3370863152581842,0.6327168857611497
-0.5932661052405934,-1.0,1.0,-0.6293949236375234
0.5875048467038071,0.391059444523044,1.0,3.805424690974424
-1.0,-0.319590645416435,1.0,6.002885571088984
0.026436489974309474,-1.0,0.9725508040877542,-6.2634839615259175
-1.0,-0.42858756620562444,0.41736446838814856,-1.0503612636823145
0.545507124616943,-0.6685364840643055,-1.0,-9.021551718795726
-0.14534090513139275,-1.0,-0.04486905730386814,2.455023858486244
0.461492465793649,-1.0,-0.44458267462539114,-1.6429633328714186
-0.3166335577799675,0.1331146545355586,0.07228349590625527,0.21830069407941044
-0.7571508533646254,-0.7091291499872794,0.3332196321231098,2.384238866090035
-0.1759999282391156,-1.0,0.8399680530156013,-2.075063000320092
0.6749406185746987,-0.4033760185288735,1.0,-2.1936854520374283
-0.9772976777339006,0.8026927626945053,0.12211013676082194,0.07158799145891104
-0.4782783863273956,-0.8687291927282661,-1.0,-8.124144392853774
-0.7216061978830186,-0.7745589228925966,0.7225738734033584,3.5318535090675414
1.0,0.6140953178900603,-0.6882064496964224,7.2469937041860355
0.3463840536049687,0.9063596997429479,-0.07711305224382392,5.04797849202094
-0.23509929451631306,-0.4693052422276196,0.41652916811482377,0.03953322585574759
0.9115649751996613,-0.44149254484363887,-0.09883428278368922,3.2464063919042174
-0.4881558254408469,-1.0,0.11647237829895851,2.961006155314784
0.14303858356533916,0.21977003679542273,0.2981880497011453,0.9704528882802073
-0.8032246188524439,-0.30514195751516016,-0.2741315443541039,0.32834890757715096
1.0,0.355497137756702,-0.002034739928422402,5.672126513667347
-1.0,-0.5699782015053858,0.6138819465931797,2.848254174154293
-0.9299551252129188,-0.1423571015978129,-0.27091497587456037,-1.8726229541648833
-1.0,0.4944026179896046,-0.005162768061053313,-3.970966260925505
-0.28789238755150004,1.0,0.31604692191302575,5.906862501978267
1.0,-0.7384456106296751,-0.49405442875033767,2.0450236236973316
-0.18964601763787403,-0.8074533251378713,-1.0,-10.248094660739392
0.22728496162664946,0.27083754233467405,-1.0,-2.499161981480232
0.48459518115093614,-0.46163407385607313,-0.7385762144672174,-0.059151468796067586
-0.923130681531855,1.0,0.9626131983971651,13.068971342408403
-0.2361822815016481,-0.04510896777738749,-1.0,-2.2413083183288944
-0.4020616924513034,0.5212794271921457,0.08186021663263365,-1.2256346253361856
-0.3355666801721118,0.15618094409407712,-0.9293534783355755,-1.5117194670712384
-0.430456086309303,0.9157582951814223,-0.2826663194422405,2.926923095740025
0.4427875173290221,-0.3745376611897102,0.7002104699707359,0.3158726349590145
-1.0,0.5424113057744904,-0.36815826110983285,-0.4722791459863749
0.24027311519643946,-1.0,0.12262743766068329,1.5461181550365806
-0.11616479455008966,-0.14661205216708795,0.14403310527001234,1.26936264397607
0.4493236050800591,0.5030130108163557,0.7695567754784829,1.5704591684166544
-0.18678418086620407,0.8469263569687651,0.43938470326682166,2.896184891914153
-0.4365620630721201,-0.12255901830203775,0.7125770666632907,-0.549606220669746
1.0,0.9788201056119028,0.8393096051771938,20.55551743473685
1.0,-0.08540975956597374,-1.0,7.455609907405431
0.12574666874966378,0.32670370323992093,1.0,1.6417693252717604
-1.0,-0.12807268524640758,0.5392659766189769,-2.2365258660825207
-0.09208952118660108,0.02395458884454693,-0.9180074246161587,-1.4067280740484538
-0.7323020212527205,0.10250985836860149,0.4022427206823309,-1.1628715198422277
-1.0,-1.0,-0.3160760609066935,6.336614093893437
0.006769885505332862,0.1917943519147134,-0.058782476667066375,0.5299218974722044
0.6911575502896543,-0.5957015959328837,-0.47507758710728853,0.6779420419999784
-0.34263228495744324,-0.38525325055526816,0.29746468480821053,0.8873962455002199
-0.8931294014480753,-0.031061417271113445,-0.2221623576932117,-1.9292548291062408
0.24324543788746977,-1.0,0.1310028623967947,1.1918917392849548
0.7272726663840725,-0.19553045453953977,0.052362227682569484,1.7409156915406412
-1.0,-0.3133481224742647,-0.13153510614560582,-3.183558331655291
-0.09048309616369643,-0.9204949549979551,-1.0,-12.211516792765325
-1.0,-1.0,0.11961228004855329,8.207693946291013
0.24976239474911122,-0.3120598079964463,-0.7652011681627031,0.6268315054499706
0.7488900477504019,0.596470083529419,-1.0,0.25865543059103663
0.7295384147904769,-0.059147558511044585,-1.0,-2.219582582273835
-0.8870973522545886,-0.727560586691367,-0.1847771976694288,2.488628799898146
0.01915894431229992,0.511620878521051,-0.45266055182922194,0.691122474179922
-1.0,-0.4449846038241949,-1.0,6.313657142485214
0.27960004088069823,-0.37310310088838383,0.8318140406310144,-0.5858988885559109
-0.2557744810986402,0.47918258154863747,0.3290757520008314,0.10133758701309609
-0.7208058003989519,0.3788717706711324,-0.10826542402990325,-1.6598302897615897
0.674565540907156,0.9810525303028439,1.0,11.07826904532806
0.3934043283159103,0.3000502932367506,-0.7007636693559225,0.8360607121820047
0.27546687654523083,-1.0,0.6682753601265725,-1.155916381335909
1.0,-0.8388235841765475,1.0,-2.1400184982962807
-0.6447810153356424,-0.6345669611470874,-0.5022153071381499,1.2307493934833578
0.5087237778928189,0.7224315203430067,-0.0928969493123557,1.31923993870648
0.546426692601657,0.6656208046983125,0.4042460983900933,1.5916868289133883
0.4554613094733859,-0.7000932886807405,-0.5149532097956098,0.5613545571259047
-1.0,0.5264183727558271,-0.05606090593149493,-4.284766593012943
0.7833415277949163,-1.0,-1.0,-28.16543728594047
-0.15829469524715956,-0.9479013125683515,-1.0,-13.975691338380711
0.49185347601617524,1.0,-1.0,7.289217290789501
-1.0,0.31579142856075837,0.09896840398167539,-4.47569485609936
-1.0,0.9866523712387965,-1.0,21.624910819740663
0.38835386958999485,-1.0,-1.0,-21.309635151888582
0.10121383973255904,-1.0,0.25679584646837905,1.5805604699388807
0.6329710630362528,-0.3225114042708228,-0.43140372350474965,0.8512315207232146
0.18093888617067688,0.7896187584972432,0.9730682035133205,6.162825965197036
0.6430686327885038,-1.0,-0.08007413523217632,-1.1426520099223798
0.994450286115151,0.7538869096184717,-0.23327691266222184,6.989144786747698
-0.825780235533847,0.3190166380157753,1.0,3.5437328638896086
-0.0822726651260941,0.04815801120624208,-0.42864207882111804,0.6864552496524347
0.9166365502819782,-1.0,0.9044125216933838,-6.37658512997072
-0.6564106769050104,-0.7787871127476118,1.0,3.059474038902848
1.0,0.10807576590204904,-1.0,9.640005693144369
-0.014443549447455961,-0.25807376992593256,-0.6463213541354942,0.9371427566717643
0.13635558511656787,0.0561117602156751,-0.8585933291439305,-0.5987297076306922
-0.4343327638275942,-0.3512865522946049,-0.43709528003540066,1.4295766216837587
-0.5124016386767274,-0.7082773546623593,0.27329902078798596,2.2421553222506994
0.09054964409671618,0.3705447277127225,-0.14266207833025968,0.039753942836735834
-0.014317613194713585,-0.7071154164866253,-0.06627101377653921,1.1707227166686875
0.4926101531053788,0.271000125549707,1.0,1.9615950664187185
-0.6890015460832977,1.0,0.20092838420668935,4.073326768390288
0.6608859541705936,0.4023492003044691,-0.05520204633439807,1.4990663447362256
0.1787802207139575,0.6463334773132827,0.7399690973099462,1.7880105191843951
-0.3603657650370393,0.5936824189379002,-0.6629670446179117,-0.962045293533834
-0.7436310633030945,-0.7127105241069587,-0.1417444858874064,1.6170243385384597
-0.8988299332558516,0.7489069741392227,-0.9429512212847169,7.23421300443621
-1.0,-0.6103543642426228,-1.0,5.188273283829774
-0.368545022899208,0.023332191408242275,-0.6423542020018382,0.6382091908227006
-0.003482063302904681,-1.0,-0.05592752787408184,2.484040682191653
0.595632904957063,1.0,-0.5987289026905247,11.392352397613937
-0.2228811467250067,0.7403195167413508,1.0,6.362080599766814
0.20087783701380446,-0.9278154558638743,0.4281969728047863,1.1281708871190295
-1.0,0.8651260632650823,-0.024121066359269694,3.078568436393028
0.5713419877688743,-1.0,0.4956900241849138,-0.26753305260001103
-1.0,0.88374797541574,0.9599670960774065,10.714420815683587
-0.8080029754764004,0.8420515869578011,-0.4450037578772854,0.6684227459597535
-0.4815902305013453,-0.527186725500542,-0.12121847161335753,1.1510021568881132
1.0,0.6082349496186812,-0.1316330708090241,6.857717190024685
-0.12694923661610136,-0.3306110053999749,0.8518080580549696,-0.7473038699547585
0.35514002348418683,0.24589508785071312,-0.07507184190906147,1.2369589096792304
1.0,-1.0,0.9103476267770092,-7.832721198471222
1.0,0.2807759713280147,1.0,18.37912946060887
-1.0,-0.8754950739284604,-1.0,4.840526506428732
1.0,-0.389933173062321,0.8912565657969815,7.092860668081471
-1.0,-1.0,0.04226798001895382,7.3497349610852165
-0.19820998324304973,-0.720959412750589,0.07656561953301266,0.6384819206635705
-0.757168165974273,-1.0,-1.0,-5.588462387548011
-0.7267092249240845,0.5792654917719045,-1.0,0.12776857175435052
0.026768107859146184,-0.8766576203840062,-0.2835712421284371,2.1082692566460604
-0.5177953882516866,1.0,0.5309802691900987,6.009178328000364
0.023440058899330873,-0.3896272907613352,0.798571600879254,-0.11025150202669179
0.1363118726229302,0.4026540157357992,0.8110004801841553,0.4122901542619914
0.24048627765500608,-0.5232482183979934,-1.0,-5.239580167462895
0.117342482770733,-0.21533025341679246,0.12228605168132467,1.523146472951627
1.0,0.4009058343101868,-0.5754438935272892,5.218860935853994
-0.00805649953058718,-1.0,-0.5940447846460284,-2.113681417570058
-0.5523188713004403,-0.895833591404033,0.0965332670574579,2.867142821961056
1.0,-1.0,1.0,-10.069099535138797
-0.047926573747676615,0.03980610927608286,-0.6032747426777896,-0.038155502334182745
0.18282396683367286,-1.0,1.0,-7.383604504271323
0.4231089740312064,0.2253929659243299,0.6912926031367115,1.497505833236847
0.726402264967368,-1.0,0.5536171943343406,-1.3382988111185372
-1.0,0.9547246603836426,-0.930452841296534,17.17764672837749
0.3005102289682069,0.06042345426310569,-0.2970716997613496,1.128714111082908
0.9823917917971796,-0.3887616430908456,0.43330352807264916,4.936360929554338
-0.7436956757604178,-0.4728772437363957,0.4994520398765583,0.614182460258357
-0.3872703501571224,-0.43338530904748396,0.36797340757742103,0.6547847337851223
1.0,-0.9098897788275424,-0.25809843378410147,-2.689343402038503
0.8421275187570363,1.0,-0.9720967899911372,19.633418630492873
-1.0,0.8245868018995992,-1.0,20.28588693086727
1.0,-0.2325261917125434,1.0,8.24442838670763
-0.211898676549249,-0.22109554641198392,0.6924550749423666,0.5058093662951975
-0.597949993669145,0.9032970285919415,-0.29938211376760826,1.0696162325087208
0.45517684094155464,-0.055770917066350734,-0.1300458242907485,1.0082768257285348
0.5488002026898351,-0.9047032870755722,0.0848609845223467,0.2357856598003526
0.07782511548619175,0.17053081770403233,-1.0,-3.371609366891075
0.11324643437930093,-0.06357928147229419,-0.006377739429850315,1.1089872795347884
0.837420023980471,1.0,-0.1771373898532289,10.799397758841637
0.4367141968840198,1.0,-0.1372811452702709,8.443407429854794
-0.04216419801639759,0.7892926302340126,0.42458676297533393,2.1088093353196613
0.3568924443103201,0.9475017231830045,-0.8169494628678289,6.481922788449275
0.2617471895044985,0.5720993200170901,0.055197801319119666,1.1513639539786666
0.4067913433361954,-0.3045741769030219,1.0,-2.059281650033108
0.22547982225993235,-0.387426425292581,0.11524683779923595,0.6441140774056682
1.0,-0.10815595986547644,1.0,10.702428247816153
-0.3994331493946366,-1.0,0.3970251670192426,2.173475866355193
0.279531886565648,-0.9308522885576076,0.9941104624987147,-5.938981928514769
1.0,1.0,-0.21915072715209694,16.30184715288411
0.424947700450349,0.8702938177362698,0.3953126068110362,3.168747287866418
0.051186795682568675,-0.7523065504011333,-0.0700943622381689,2.224507695733201
-1.0,-0.6994480335562598,-1.0,5.457556139591815
-0.5029389914298348,-0.8590237079576957,0.312495122553194,1.9052249570031612
0.6324281619129943,-0.7115821236426783,-0.34429476036953677,-0.04289200020087525
0.7676550258508028,-1.0,-0.8562161158687278,-16.589456106224187
0.32248395601185753,0.4146949861608731,-0.5058279456301042,0.964749830092137
-0.1288503968069814,0.9601452480237929,-1.0,1.1038207333938088
-0.2149242800025648,-0.41549903601826443,0.3349209403483209,1.1274742875910342
-1.0,0.3951023433123517,-0.7326141618323108,4.622683237056083
-1.0,-0.2226931218301651,-0.011104009659776981,-3.5128056802068155
-0.6886416770684145,-0.6755647871568464,0.9818077901986928,3.056453343905587
0.4732796081088084,-0.434588474501997,-0.7523710179915837,1.0475026445853168
-0.15710118262775197,1.0,-0.1204851599682728,7.4885608414333875
-1.0,-1.0,0.5286212373086361,12.733483021137062
0.5659749741586511,-0.3281863050024607,0.7708997183175503,0.3684781728066697
-1.0,-0.28494302008190275,-1.0,7.78377372050137
1.0,0.09681894331532548,1.0,13.684076000021339
-0.4696486080014268,1.0,0.7517611684426173,8.689560052118638
-0.22118403807736597,-0.3451077667482789,0.1888568078977726,0.5607511080246378
-0.2261255462800731,-0.6050973236051826,-1.0,-5.635230282331486
1.0,-1.0,0.5207619535256234,-6.549347996097686
1.0,1.0,-0.07108470990255289,15.120225859412344
-0.6079941289987021,-0.4651970110863166,0.28934086397381065,0.4801484504924538
0.02927996612140249,0.15868384754176623,-0.1975968176660834,0.39021460518491213
-0.11116552281992376,-1.0,0.31242297093971505,1.9033884897478084
-0.6770126035802781,-0.5520088436099841,-0.9889641588714897,0.281506264696474
0.4841699498364047,-1.0,1.0,-6.9851516062919945
1.0,0.13096700442379627,-0.3790507559002734,4.351853600270275
0.28088685952923687,0.9225119408519709,-0.18191467038383968,5.032591308546603
-0.233786020346598,0.41682416118108945,1.0,2.153501892909106
-0.46239606878233297,1.0,-1.0,0.6792403698169539
-1.0,-0.7840973293613887,-0.15612160929629715,2.6285032417806478
-1.0,0.3374843462655561,0.21482207383521446,-4.859116442508757
0.6041258132988323,-0.18966502665648943,-0.8036866304720365,0.7013807952469582
0.047363667840285784,-1.0,-0.8584324045334355,-8.944436936268541
-0.8979775122886651,-1.0,-1.0,-0.019220653279721944
-0.5981764323553327,0.11952965934781279,-0.5630844229294643,-0.6651178570654753
0.33396396361914915,0.6734623572365199,-0.08399080880841536,0.8049713997346136
1.0,-0.19698399077675277,1.0,8.599822329943766
-0.9599283070059017,1.0,0.31825585374165244,2.593605300173247
0.532826515676877,-0.517084804788096,-0.9044064485579504,-2.4166321068278
-0.26250697397655753,-1.0,0.15613588366884978,3.0371419203623002
-0.2641403169911236,0.6246214708541176,-0.6783651731574822,-1.025665212426294
0.04303518964666364,-0.1726048889006273,-0.9505243404604364,-1.5058196323357307
1.0,1.0,-0.5587054638778142,21.953189558159885
-0.6788758623739006,-0.03165644969910564,0.7043606545109031,-1.0769307776396668
0.8262969910770579,-0.037670763905106375,-1.0,-0.11611069349644987
-0.5122419860607057,-0.43630350615813307,-0.5392600751220449,0.4285024155151144
-0.39889468340357137,-0.7043684900940932,0.47444716455736047,1.3784378778988646
0.51880218222628,-0.3249239965256949,0.6578722519793372,1.3739200755721663
0.060520308077621765,-0.13935291148649176,0.12499842295088781,1.0442541220534203
-1.0,0.5126128434772554,0.3159835973423639,-4.736777613756664
1.0,0.5880208257848403,1.0,23.734986961992206
0.8851514026344152,0.6903671670727358,-0.6394663281082134,4.078814981682067
-0.5954308754270989,-0.8722960766247487,-0.5497224353035524,2.2208086477163516
-1.0,-0.7106998062845433,0.2796721138527716,3.2238565551971448
0.675521058961891,0.7074975389504565,0.9881214110318,7.822363122492658
0.481650279907474,-0.09183586769270669,0.06405585831361149,1.684636240751203
0.272408633181612,0.7588346298544171,1.0,5.506951834946475
-0.8601795886403241,-0.5084440901147087,0.44552959853136653,1.2471285490219444
0.4402887804377158,-1.0,1.0,-6.771258136257531
0.6454312869094043,0.6517318716794018,0.6196358096816232,2.432126938858443
0.5908744178974707,-0.6318436224652753,1.0,-5.01405662666939
-0.15694812075508313,1.0,0.7345014538903261,9.742442646369247
-1.0,-0.9716570557864073,1.0,21.018730671862052
-0.18376513645437598,-0.6672036824127856,-0.36414845884592073,0.7271475763324257
1.0,-1.0,-0.5501631951756285,-11.290315213595722
0.0365452002496931,-0.5710940818530408,-1.0,-6.512858521389953
-0.36332079901406256,-0.42440484817059465,0.03646956864635187,1.2639815648539645
-0.14563812435374524,0.518000311750827,-0.41024778891782376,0.5689003852336605
-0.363352113155051,0.7044700051832979,0.13274637822125213,-0.04295087819859211
-0.08205119915085701,0.6168956823598712,-1.0,-4.238720799687129
0.43925536895512307,-1.0,0.2711034260862666,-0.12771232077413974
0.623127536329918,-0.5900137072344864,0.9126020326678121,-0.8749054937883293
-0.9527699090096056,1.0,1.0,16.423388502379563
0.7654168492986215,0.1914622916749833,-0.10991671614974496,1.9988203985142763
0.2327500845871111,-0.7578692777141849,0.4408497388834305,0.6425225788965053
-0.8037163202259767,0.0663446073116487,0.24102622702508025,-2.2025954201818005
-1.0,0.17284402899578422,-1.0,13.938784883769564
-0.8718256748552446,0.12802028739090998,-0.56434560666731,-0.5705636144582846
-1.0,-1.0,-1.0,2.944035179335221
-0.21064558209066564,-0.32483496932752964,-0.9157953021437277,-2.1713480629380744
1.0,1.0,-0.3571124445198799,17.62876405351598
1.0,0.011721390400199372,0.742179511906575,8.519382990093188
-0.5607830646808774,-0.9684964315034019,0.733220461782941,2.465771999712662
-0.35397886482896834,-0.228826790152175,-1.0,-2.994906291292269
-1.0,0.8210348205878255,-0.6466549832990309,6.281639266236003
-1.0,0.9684579878164667,-1.0,21.091287495358777
0.21462304537351207,1.0,0.5759991538579787,8.133991536404745
0.6535113364980487,0.07502964181544702,0.07376163697230509,1.631244000149711
0.2399437640534765,0.29076186581671903,-0.8823077062884537,-0.8516280902843072
-0.8512804254561481,-1.0,0.9028953922917273,9.770436746315697
-0.2830590047482977,0.9543248160418414,-1.0,-0.20370207381811178
-0.7532872197979443,-0.38859005427999427,-1.0,1.9964645560226053
0.7235396535557179,-0.033796527984577995,0.5354379844154304,2.6104743779470474
0.19830918030016398,-0.07519562708118732,0.3116048523477464,0.9731939955191009
0.4670138573839837,0.7599397440393976,-0.24947724970358953,1.7622119181509561
-0.996241453451914,-0.19953542714030936,0.8291428352460188,0.42458282926584245
0.514709829879147,-0.16358343562379063,-1.0,-3.6708095332447384
0.69741334457934,1.0,1.0,11.028020007015432
0.7256686810431299,-0.8572162780032111,0.9674377752019034,-4.577089410055286
0.5258561276984692,1.0,0.12422563065622638,6.873334338392477
-1.0,-0.7650704941012527,-0.8824535323419478,3.7927293063180434
-0.08078236830216357,1.0,-0.5443337995862754,9.755195012700291
0.3166638348757176,-0.21492321416990157,-1.0,-4.7162084454396505
-0.17791790706010469,-0.3696772224636149,-0.029885953756350503,1.1875666531383957
-0.5346017496737605,0.9783669431846953,-0.6252420390075095,3.1445933202735175
0.5395206477292864,0.39817377186543257,0.2490907924665775,1.0353751729243155
-0.16558607466918795,-0.43078000742615874,0.3261044128784496,0.5821628998705288
1.0,-0.29086645730155225,-1.0,5.5580268798178984
-0.36644881298440457,-0.1858873012068023,-0.49529901566191836,0.32412201261465734
-0.07904402827252466,-1.0,0.20388275918424625,1.9697988318989275
-0.27364976904322247,1.0,0.4980636145387636,7.105881363106128
-0.809490903577754,-0.06563041390506341,0.23158156681263486,-1.8711636483007608
-0.5612792955316364,-1.0,0.5336017710361216,3.8904050635725236
0.6276462931252884,-0.05551972769004876,0.28330399858072686,2.309746880855717
-0.0011267904609242319,-0.09950294685347671,-0.04304487243467614,1.1794112882231178
-0.30116714556913116,-0.32617912180169606,1.0,0.058807209700882546
0.6325585659874977,1.0,-0.1910888836007547,10.097458157276254
1.0,0.1627081815175342,0.23701749401150685,5.510914626897003
-1.0,0.07321122661289525,-0.1510800142859805,-3.5309830552835924
-1.0,1.0,0.2709891265679587,4.079930776571225
0.23314869649278847,-1.0,-0.05439725235001869,1.3640634030924554
0.9530551983769271,0.17515367531201598,-0.30749624743195314,3.9889869956836757
-1.0,0.5537598590479282,-1.0,17.368636049291407
0.15627583696554637,0.633632249938963,0.538600646849557,1.5369885118083504
0.24106646110543162,0.171592933192541,-0.3563704069264906,1.1841483030608204
-1.0,-0.38769628220390673,0.17168079966599903,-2.5918808525263333
1.0,1.0,-0.3190932791096408,17.23782675193375
0.17856669443873696,-0.8536367980187993,0.3324925186328518,1.5383781542104413
0.5614818370046741,-0.5340018235037927,0.5712202260781141,0.8005667626652562
-0.544838742519953,-0.4408660520669543,0.051941785046610844,0.8769885403425706
-0.04650062727470239,-0.65336086633878,0.5656861589239672,0.1257881072740003
-0.30032242338980764,1.0,1.0,14.527361782891369
1.0,0.8021171301619148,-1.0,20.40375481212244
0.5038736950612237,-0.061242327636565896,0.3729292836149254,1.346398926559552
0.04454494468608905,0.8586813534364623,0.19176390849873814,2.3648234653976408
0.9099507960272308,1.0,-0.7162893094940335,19.36894870182763
0.3974199029225598,0.49472999890603586,0.8487572052598507,2.126687124015817
0.7281280903244103,-1.0,-0.29804620869784926,-3.271798555881802
-0.5362939839319996,0.34652291406649005,0.20736515840547853,-2.220806301007912
0.21382627223376316,-1.0,1.0,-7.705090772036213
-1.0,-0.7760409993563864,-0.08777984403649564,2.256461375412182
0.14769313244531124,0.42204810424836325,-0.22518471783077643,0.3190591984437398
0.49621253916710595,-0.8353591729274072,-1.0,-12.856681577820533
0.4926380557208945,-0.09869163869078723,0.4857681553767308,1.3935852436496636
0.4429325058415359,-0.5062825097969825,-0.0252370675745599,1.6850728490599323
-0.20374816121487282,-0.22249018581347113,-0.3585239947609471,0.2325232384927447
-0.37283321580005135,-0.1535686935756002,-1.0,-1.6371693291600373
1.0,-0.044126130547180065,0.6441505177649451,7.339586920455928
-0.10280486155706581,0.19615810679895684,0.30303142039581443,0.7923878697124311
-1.0,1.0,-0.06560266813291804,8.976418907258832
-1.0,-0.27923139882619985,0.14351741045278832,-3.2569709502197073
0.3768170179505985,1.0,0.5651288894391395,8.26104157065872
-0.497496482116091,0.5016618239740251,0.5068147290042653,-0.13745796901663165
-0.11348175729255772,0.3121637811496638,-0.4994260962963244,0.586446691571944
0.7846716343926528,0.26624353354733743,0.8622318046102355,5.049155337343154
0.08980125470579448,-0.7214932387413575,-0.3899979686445578,1.4081054563771211
-1.0,-0.5190541647426234,-1.0,5.382380376362165
0.16262439119104632,0.5280185517132219,-0.18045153215091125,1.033882382786531
1.0,0.2052151473690551,-0.8657296992164334,7.898343797076603
-0.3953974167141121,0.660108003662107,1.0,6.102673091142166
0.7358417840528364,-0.1724694566531244,-1.0,-2.4065516605500403
-1.0,-0.3590970262358646,0.15079638169172482,-2.6301548059501676
-1.0,0.010564874344731967,-1.0,10.897290517299616
-0.700361645209846,-0.20156133249418695,-1.0,1.4003856333690492
-0.6431108187947543,0.9246751583049351,1.0,12.88846463626088
1.0,-0.4025773922546043,-0.1291021614503236,3.5066662104790303
-1.0,0.5789873233972942,1.0,5.94723885291671
-1.0,-0.02603151762887057,-0.24086995572932768,-4.264342394592635
0.2581785772024052,-0.35472109947987707,-0.3255709611475186,1.5186011118845033
-0.9402702158069005,0.0735143467611834,-0.5699824467794512,-1.14665517098038
-0.5080403910456748,1.0,-0.9085666957579661,2.4440209678998825
-0.7582969401690318,1.0,-1.0,2.7184438494228687
0.7510816267420686,0.945218712309827,-0.1637613109512459,8.147139531920313
-0.5823716434653388,-0.06304347809710498,0.47027767072385473,-0.4643918630419007
0.3638632010019054,-1.0,-1.0,-19.822164411031917
-0.5676308395766763,0.954575527298873,-0.13018010340525232,3.295438776485608
-1.0,-1.0,-0.2518560721229959,6.674480783905585
0.1802339629814751,-0.5420633187142914,-0.05513483262107011,1.2400434498036648
0.9060390291187324,-0.886676068639292,1.0,-4.9099794286677865
0.892891159314058,0.1017544686326004,0.5688549673163501,5.49362192003882
-0.04116201525293994,1.0,-1.0,3.1333113760086553
-0.18087485844983853,0.17184610800352518,-0.1535162805263548,-0.30874999193361496
0.14213512176160603,1.0,-0.18305061555599966,8.830909354175727
0.47055847366894676,-1.0,0.31447708342896497,0.25009555906026576
1.0,0.24904950853432917,1.0,17.539433134147433
-1.0,-1.0,-0.7884809138702549,3.075138549136361
0.2204992761177329,-0.20679732163598885,0.847084753695865,-0.7129801243478501
-0.4632317014860883,0.021635743979862454,-0.09080128706506008,-1.284437135412624
0.2831810390796643,0.3376782429768985,1.0,1.3890719580188349
-1.0,0.2981671536386581,1.0,3.535079228730932
0.04407690787514573,0.8996012055455753,-1.0,-0.856711659763124
0.06295762403237593,-0.3321573188053595,-1.0,-3.6854484325176933
0.0015611380890072635,1.0,-0.6646978157149144,9.278512820526473
-1.0,0.4388195877870331,0.406235655553415,-4.49613989263004
-0.4584406005834827,0.9411225161738681,0.20659493835067688,3.952331989946284
0.027884038395883604,1.0,-0.19552415662472877,8.628123142876266
-0.37994514024716963,0.3515957634834286,0.21565591997743216,-1.0488186736585918
-0.9904870668324677,-0.922633535905953,1.0,19.25129096840033
1.0,0.3411674720994624,0.5123803348199008,9.036249690876767
0.1970547681652004,0.566883897689229,-0.8032399161754464,-0.137462585969863
0.8705596902827115,-0.8931671403765071,-0.24197374612879252,-0.6534294331115903
-0.6703903981950243,0.23382480612122425,1.0,2.9050856112490884
0.08300296391523077,0.06580970066095682,0.2025682705522962,0.8617173500520191
-0.40952718797908494,-0.45532485541344947,-0.7521672827518351,0.19349444107669012
1.0,0.243392770685664,-0.5258988829320543,5.119378448012081
